Chateau Namju Cabernet Sauvignon,/images/chateau-namju-cabernet-sauvignon.jpg,,,,
N.J.Yun Chardonnay Reserva,/images/n-j-yun-chardonnay-reserva.jpg,,,,
OneulUnNegaSake,/images/oneulunnegasake.jpeg,,,,
ArigattoJungdoSama,/images/arigattojungdosama.jpeg,,,,
Good Jeongdo,/images/goodjeongdo.jpg,,,,
Like Jeongdo,/images/jeongdopodo.jpg,,,,
Hyeong Taek ju ,/images/hyeong_take_ju1.png,,,,
Hyeong Taek ju,/images/hyeong_taek_ju2.png,,,,
Jiyeon Shoulder,/images/jiyeon-shoulder.jpeg,,,,
Jyeontory Whisky,/images/jyeontory-whisky.jpeg,,,,
Guiness,/images/guinness.jpg,,,,
Boston,/images/boston.jpg,,,,